mean,std
0.22826375177880628,0.12243243039641502
