mean,std
0.8334282363237662,4.2100181852368355
