mean,std
2.1593693120354334,4.311009670433961
