mean,std
0.2528472983587615,0.09539973084570365
