mean,std
-2.3992458216024373,1.6537601418078507
