mean,std
-1.0171234846950667,2.58594394225096
