mean,std
0.1760505617380631,0.06612714195819187
