mean,std
0.14958723786391165,0.08036647946120372
