mean,std
0.05665976132141276,0.02894923378805414
