mean,std
0.0059080074551066675,0.04392591436219418
