mean,std
0.016959641133342633,0.055781640302694765
