mean,std
-0.029048326697760852,0.06523622905810925
